Region,Heritage_True,Heritage_Type,Period,Latitude,Longitude,Heritage_Name
1,2,1,1,34.85839652,128.4782645,학산 영등포 지석묘(鶴山 永登蒲 支石墓)
1,2,1,1,34.953478,128.6539233,하청리 지석묘(河淸里 支石墓)
1,2,1,1,34.93503282,128.6568358,중리 지석묘(中里 支石墓)
1,2,1,2,34.91459362,128.6565239,죽토삼거리 고분군(竹土三距離 古墳群)
1,2,1,2,34.853696,128.570539,외간리 고분군(外看里 古墳群)
1,2,1,4,34.80589857,128.5848008,오송리 고분군(五松里 古墳群)
1,2,1,1,34.96189455,128.6564646,실전리 지석묘(實田里 支石墓)
1,2,1,1,34.849373,128.484824,술역리 지석묘(述亦里 支石墓)
1,2,1,1,34.840655,128.696186,소동리 지석묘(小洞里 支石墓)
1,2,1,2,34.94590124,128.6230109,동리 고분군(東里 古墳群)
1,2,1,1,34.928152,128.653366,도봉골 지석묘(支石墓)
1,2,1,1,34.878752,128.477764,광리 지석묘(廣里支石墓)
1,2,4,5,34.82501073,128.474188,화도 봉수대(火島 烽燧臺)
1,2,4,2,34.9546126,128.6529294,하청리 토기 산포지(河淸里 土器 散布地)
1,2,4,1,34.95760015,128.655816,창동 무문토기 주거지
1,2,4,5,34.85242525,128.5893351,제기 및 고서적(祭器 및 古書籍)
1,2,4,1,34.968419,128.729734,이수도 패총(利水島 貝塚)
1,2,4,5,34.90219572,128.7140589,옥포만호비(玉浦萬戶碑)
1,2,4,2,34.833527,128.600928,오수리 토기 산포지(烏首里 土器 散佈地)
1,1,4,4,34.834547,128.494751,술역리 내평숲(述亦里 內坪숲)
1,2,3,5,34.884738,128.6370412,수월산성(水月山城)
1,2,1,1,34.91430108,128.680115,송정리 지석묘(松亭里 支石墓)
1,2,4,1,34.816516,128.538517,산달도 패총(産達島 貝塚)
1,2,4,5,34.835203,128.534692,법동리 분청도요지(法東里 粉靑陶窯地)
1,2,4,7,34.84612716,128.6120666,명진리 유적(明珍里 遺蹟)
1,2,4,1,34.886393,128.548935,망산 봉수대(望山 烽燧臺)
1,2,1,1,34.93251365,128.652402,대촌 지석묘(大村 支石墓)
1,2,4,1,34.788175,128.712466,내도 패총(內島 貝塚)
1,2,4,1,34.847579,128.592294,남산패총(南山貝塚)
1,2,3,5,34.78935417,128.598434,율포산성(栗浦山城)
1,2,4,6,34.931554,128.715183,김영삼 대통령 생가 (金泳三 前 大統領 生家)
1,2,4,6,34.88167039,128.7253181,옥포정(玉浦亭)
1,2,4,5,34.852135,128.5958997,반곡서원(盤谷書院)
2,2,4,3,35.8072659,129.2120919,경주 포석정지
2,2,2,2,35.83895473,129.2334234,경주 황룡사지
2,2,2,3,35.81767108,129.2439626,경주 망덕사지
2,2,2,3,35.81989097,129.2426113,경주 사천왕사지
2,2,2,2,35.82857455,129.2068918,경주 흥륜사지
2,2,3,2,35.83250116,129.224003,경주 월성
2,2,3,3,35.83499582,129.2265066,경주 동궁과 월지
2,2,4,2,35.83299942,129.2190006,경주 계림
2,2,1,3,35.82515257,129.1877981,경주 무열왕릉
2,2,1,3,35.84358181,129.1913568,경주 김유신묘
2,2,3,2,35.81702268,129.2296004,경주 남산신성
2,2,1,3,35.76290438,129.1879802,경주 경덕왕릉
2,2,1,2,35.88694546,129.2016288,경주 진덕여왕릉
2,2,3,5,35.84438302,129.0606908,경주 부산성
2,2,1,3,35.75995843,129.3200866,경주 원성왕릉
2,2,1,3,35.77777434,129.2972478,경주 구정동 방형분
2,2,1,3,35.78762563,129.2808982,경주 성덕왕릉
2,2,1,3,35.84365634,129.2452756,경주 헌덕왕릉
2,2,1,3,36.01823005,129.2073758,경주 흥덕왕릉
2,2,2,3,35.74848762,129.4765417,경주 감은사지
2,2,1,2,35.83282793,129.1214421,경주 금척리 고분군
2,2,2,3,35.80678997,129.3876027,경주 장항리 사지
2,2,2,3,35.69771404,129.3495005,경주 원원사지
2,2,3,2,35.83578073,129.2552532,경주 명활성
2,2,3,3,35.67030974,129.3357299,관문성
2,2,2,3,35.83519514,129.2817894,경주 천군동 사지
2,2,4,3,35.84509839,129.2239474,경주 성동동 전랑지
2,2,4,2,35.7965161,129.242312,경주 서출지
2,2,1,3,35.82551037,129.18614,경주 서악동 고분군
2,2,1,3,35.7381426,129.4867725,경주 문무대왕릉
2,2,4,3,35.74446465,129.4838097,경주 이견대
2,2,4,3,35.86654817,129.2168464,경주 동부 사적지대
2,2,4,2,35.82779676,129.2289745,경주 낭산 일원
2,2,1,2,35.8237264,129.2082346,경주 오릉
2,2,1,2,35.81412659,129.2204246,경주 일성왕릉
2,2,1,2,35.85229759,129.2323858,경주 탈해왕릉
2,2,1,2,35.83669475,129.2134669,경주 미추왕릉
2,2,1,2,35.84382659,129.1921683,경주 법흥왕릉
2,2,1,2,35.82907895,129.1834188,경주 진흥왕릉
2,2,1,2,35.82829607,129.184202,경주 현안왕릉
2,2,1,2,35.83271523,129.2509299,경주 진평왕릉
2,2,1,2,35.81806708,129.24608,경주 신문왕릉
2,2,1,2,35.82370737,129.2424082,경주 선덕여왕릉
2,2,1,3,35.82143187,129.2501779,경주 효공왕릉
2,2,1,3,35.78746967,129.2810346,경주 효소왕릉
2,2,1,3,35.81241771,129.2596621,경주 신무왕릉
2,2,1,3,35.79914218,129.2409162,경주 정강왕릉
2,2,1,2,35.80239911,129.2402665,경주 헌강왕릉
2,2,1,2,35.83329547,129.2184403,경주 내물왕릉
2,2,1,3,35.8212264,129.176492,경주 전 민애왕릉
2,2,1,3,35.7988071,129.2083269,경주 배동 삼릉
2,2,1,3,35.78979376,129.1794014,경주 희강왕릉
2,2,1,2,35.80546749,129.211449,경주 지마왕릉
2,2,1,3,35.79600544,129.20862,경주 경애왕릉
2,2,4,3,35.92500821,129.274463,경주 화산리 회유토기요지
2,2,4,2,35.81605658,129.2125465,경주 나정
2,2,4,2,35.82936254,129.2133693,경주 재매정
2,2,4,4,35.83458762,129.2588894,경주 동방동 와요지
2,2,4,2,35.82784026,129.2289423,경주 남산 일원
2,2,4,3,35.86152363,129.2243263,경주 용강동 고분
2,2,2,2,35.82503744,129.2152962,경주 천관사지
2,2,1,2,35.78064404,129.3005613,경주 구정동 고분군
2,2,2,2,35.82613413,129.2542863,경주 보문동 사지
2,2,4,3,35.86624569,129.2209491,경주 용강동 원지 유적
2,2,4,3,35.86096092,129.2963232,경주 손곡동과 물천리 유적
2,2,4,3,35.82945103,129.2180476,경주 춘양교지와 월정교지
2,2,1,2,35.86732707,129.2114151,경주 황성동 고분
2,2,2,2,35.79021022,129.3320817,경주 불국사
2,2,4,2,35.83756562,129.2130171,경주 대릉원 일원
2,2,1,2,35.83048905,129.1841503,경주 진지왕릉
2,2,1,3,35.83048905,129.1841503,경주 문성왕릉
2,2,2,3,35.83011328,129.2221832,경주 인왕동 사지
2,2,2,2,35.84070146,129.2338621,경주 분황사지
2,2,4,3,35.840556,129.235833,경주 구황동원지 유적 일원
3,2,4,5,35.776999,128.288799,봉평리 암각화(鳳坪里 岩刻畵)
3,2,1,5,35.839699,128.408799,나씨할매릉
3,2,2,7,35.828199,128.434999,미륵불상
3,2,1,5,35.724199,128.356999,대분
3,2,4,5,35.68458925,128.2240525,매림서원(梅林書院)
3,2,2,5,35.72985926,128.2395001,대곡사(용화재) 大谷祠(龍華齋)
3,2,4,5,35.8135001,128.389299,지지재
3,2,4,5,35.6781001,128.3411982,남와구거
3,2,4,5,35.67969765,128.339899,모현정(慕賢亭)
3,2,4,5,35.8033001,128.3830001,후송재
4,2,2,5,34.71734146,128.0415858,무민사
4,2,4,5,34.94194254,127.8761835,자암 김구비
4,2,4,5,34.83195528,127.8991855,봉천사 묘정비
4,2,4,6,34.835202,127.8945289,영모문
5,2,3,2,35.8281768,128.6028814,봉덕토성(용두토성)
5,2,4,5,35.8594593,128.4863475,신당동석장승
5,1,4,7,35.85355,128.4815,대구읍지
5,1,4,7,35.85355,128.4815,허암유고
5,1,4,7,35.8219,128.5506,대구보성선원 목조석가여래삼존좌상 복장불서
5,1,4,7,35.85355,128.4815,삼국사기
5,1,4,7,35.85355,128.4815,북정록
5,1,4,7,35.83523,128.5503,영제시조
5,1,4,7,35.83583,128.5461,모필장
5,1,4,7,35.85355,128.4815,삼경합부
5,1,4,7,35.85355,128.4815,천사일로일기
5,1,4,7,35.85355,128.4815,사조선록 상
5,1,4,7,35.85355,128.4815,소수서원 관련 고문서
5,2,4,6,35.89225392,128.5961422,체화당
5,2,4,5,35.89431754,128.5974854,용담재
5,2,4,6,35.91085083,128.6289445,의현사
5,2,4,5,35.91177692,128.6304256,압로정
5,2,4,6,35.90750401,128.563563,경의재
5,2,4,7,35.90918398,128.5608938,영모재
5,2,4,6,35.900275,128.555558,동원각
5,2,4,5,35.92434415,128.6017468,화수정
5,2,4,5,35.92541457,128.6163491,영사재
5,2,4,5,35.92517331,128.5932699,서계서원
5,2,4,5,35.92524386,128.5930326,환성정
5,2,4,5,35.92133983,128.5933026,송계당
5,2,4,6,35.92138034,128.5935827,능성세가
5,2,4,7,35.92306243,128.5930828,일신정
5,2,4,6,35.94353243,128.617809,이우당
5,2,4,5,35.95523688,128.618499,오사재
5,2,4,5,35.91525084,128.5378935,매양서원
5,2,4,6,35.93619735,128.5527042,구천서당
5,2,4,6,35.93161219,128.5734869,운곡서당
5,2,4,6,35.96998208,128.5899639,도남재
5,2,4,5,35.89111438,128.5794412,효사각
5,2,4,5,35.89440597,128.5974987,서명보효자각
5,2,4,6,35.90580888,128.6136055,달성서공송덕비
5,2,4,5,35.8889103,128.6141097,석빙고비
5,2,4,7,35.88909849,128.6143217,이방정건학 유공불망비
5,2,4,6,35.91268456,128.6299458,의사소몽 채기중 순국기념비
5,2,4,7,35.89684699,128.5501013,판관서유교 영세불망비
5,2,4,5,35.90750401,128.563563,태충각
5,2,4,5,35.92508406,128.5939979,효열각
5,2,4,6,35.96099246,128.5852739,창열각
5,2,4,5,35.96601028,128.585688,정효각
5,2,2,7,35.96373101,128.5434195,읍내동 마애불상
5,2,2,7,35.92862505,128.5705064,구암동사지 미륵불좌상
5,2,4,5,35.94705538,128.6145334,연경동 광해군태실
5,2,4,7,35.93776809,128.6046528,연자방아
5,1,4,7,35.87279,128.5455,날뫼북춤
5,1,4,7,35.87279,128.5455,천왕메기
5,1,4,7,35.88076,128.5269,동부민요
5,2,4,4,35.877051,128.646751,하효자정려각
5,2,4,5,35.8774888,128.648561,독무재
5,2,4,5,35.85259994,128.7186827,고산서당
5,2,4,6,35.83547431,128.608343,야수정
5,2,4,5,35.831023,128.702044,노변동 사직단
5,2,1,1,35.82748768,128.6115346,상동 지석묘군
5,2,1,1,35.841972,128.714492,사월동 지석묘군
5,1,4,5,35.82036,128.6155,입학도설
5,1,4,5,35.85791,128.6526,묘법연화경 권4~7
5,1,4,4,35.85209,128.6294,감지금은니문수최상승무생계법(묘덕계첩)
5,1,4,4,35.86696,128.6438,천태사교의 집해
5,1,4,4,35.86015,128.661,대구 동대사 고려불경 일괄
5,2,4,5,35.83563061,128.6066242,이공제비 및 군수이후범선영세불망비
5,2,4,5,35.87526387,128.658229,대구부수성비
5,2,4,5,35.87526387,128.658229,영영축성비
6,2,4,5,36.60479996,128.2098557,문경 만산재
6,2,4,5,36.64051681,128.248879,문경 부훤당고택
6,2,4,5,36.68786495,128.2791574,문경 선성김씨 고택
7,1,4,7,35.0840801,128.911816,낙동강하류철새도래지
7,1,4,7,35.12038223,128.895595,불설장수멸죄호제동자다라니경
7,1,4,7,35.162748,128.863357,범방동 삼층석탑
7,2,4,6,35.01017742,128.8264154,가덕도 등대
7,1,4,7,35.1360839,128.9210777,목조각장
7,2,3,5,35.030474,128.818527,천성진성
7,2,4,5,35.05234627,128.8312687,가덕도 척화비
7,1,4,7,35.01017742,128.8264154,가덕도 동백군락지
7,2,1,2,35.136142,128.875811,생곡동 가달고분군
7,2,4,1,35.15474323,128.8819742,범방동 패총
7,2,3,5,35.195187,128.898869,김해죽도왜성
7,2,4,2,35.096806,128.820591,망산도 유주암
7,2,2,6,35.11776054,128.9190504,청량사
7,2,2,6,35.13191917,128.8841989,용적사
7,2,4,5,35.0390826,128.970978,다대진 동헌
7,2,4,5,35.0603551,128.9720893,윤공단
7,2,4,5,35.0442995,128.9694173,정운공순의비
7,1,4,7,35.0390826,128.970978,몰운대
7,2,2,5,35.16383023,129.087574,마하사
7,2,2,5,35.18411705,129.0906012,혜원정사
7,1,4,7,35.1908,129.0537,조선왕조실록 태백산본
7,2,1,2,35.185542,129.091659,연산동고분군
7,2,3,2,35.180389,129.096111,배산성지
7,2,4,1,35.07121624,129.0796689,동삼동패총
7,1,4,7,35.05536,129.0846,부산영도태종대
7,1,4,7,35.08966,129.0489,묘법연화경 권4-7
7,1,4,7,35.08259,129.051,지장사왕도
7,1,4,7,35.08259,129.051,아미타극락회상도
7,1,4,7,35.08259,129.051,복천사 조상경
7,1,4,7,35.08259,129.051,선원제전집도서
7,1,4,7,35.0836,129.0572,해련사 동래부 인상
7,1,4,7,35.0836,129.0572,해련사 장엄의식구
7,1,4,7,35.08259,129.051,석가영산회상도
7,1,4,7,35.08259,129.051,복천사 독성도 및 복장유물 일괄
7,1,4,7,35.08259,129.051,복천사 현왕도 및 복장유물 일괄
7,1,4,7,35.08259,129.051,복천사 석조석가여래 및 보살좌상
7,1,4,7,35.07856,129.0802,백자철화운룡문호
7,1,4,7,35.07856,129.0802,농기
7,1,4,7,35.07856,129.0802,조행일록
7,1,4,7,35.07856,129.0802,죽천이공행정록
7,1,4,7,35.07856,129.0802,한글조선전도
7,1,4,7,35.07856,129.0802,이원찬 필 호도
7,1,4,7,35.07856,129.0802,나전칠국화모란넝쿨무늬상자
7,1,4,7,35.07856,129.0802,박주부 초상
7,2,4,6,35.1810537,129.1982213,송정역
7,2,2,5,35.1918145,129.1528777,"장산 마고당, 천제당"
7,2,4,4,35.1521034,129.150524,해운대석각
7,1,4,7,35.1545294,129.1349992,동백섬
7,2,4,5,35.2294249,129.1591064,삼절사
8,2,4,7,36.57573217,128.5850896,경덕사(敬德祠)
8,2,4,5,36.5734542,128.5818436,어필영정각(御筆影幀閣)
8,2,4,5,36.57407872,128.5820396,침류정(枕流亭)
8,2,2,4,36.5725661,128.619789,국신당(國神堂)
8,2,4,6,36.62721176,128.5730328,취적헌(取適軒)
8,2,4,7,36.5969226,128.5208178,동명고택(東冥古宅)
8,2,4,7,36.58373538,128.5459836,역동재(?洞齋)
8,2,4,5,36.57924205,128.5490422,홍문(紅門)
8,2,4,5,36.58771217,128.5564004,봉암서원(鳳巖書院)
8,2,4,5,36.63449407,128.5665981,서간사(西磵祠)
8,2,4,5,36.56966755,128.668959,졸루정(拙陋亭)
8,2,4,5,36.59639064,128.7524116,흥해배씨 가수천재사(興海裵氏 嘉水川齋舍)
8,2,4,5,36.68697417,128.6990209,사익재(四益齋)
8,2,4,5,36.66154383,128.6972539,도계서원(道溪書院)
8,2,4,5,36.6615847,128.6969148,안동권씨 도촌문중종택(安東權氏 道村門中宗宅)
8,2,4,5,36.61080437,128.6682403,소계서당(邵溪書堂)
8,2,4,5,36.6317932,128.6429398,봉송정(鳳松亭)
8,2,4,5,36.61636127,128.6615822,유유헌(悠悠軒)
8,2,4,5,36.60754776,128.6671017,동호정(東胡亭)
8,2,2,4,36.63700598,128.6515259,봉림정사(鳳林精舍)
8,2,4,5,36.54222248,128.4684007,취담정(翠潭亭)
8,2,4,5,36.55130709,128.5109398,파산정(巴山亭)
8,2,4,5,36.57403594,128.5222233,노동서사(魯東書舍)
8,2,4,5,36.57403594,128.5222233,노동재사(魯東齋舍)
8,2,4,5,36.57409797,128.5232925,동곡재사(東谷齋舍)
8,2,4,5,36.57437208,128.5266582,야유당(野遺堂)
8,2,4,6,36.4660906,128.6653657,구천강당(龜川講堂)
8,2,4,5,36.45027692,128.6750387,허영정(許潁亭)
8,2,4,5,36.45781446,128.6654296,성남정(星南亭)
8,2,4,5,36.46638604,128.6638236,수은종택(睡隱宗宅)
8,2,4,5,36.46715288,128.6641434,수옥정(漱玉停)
8,2,4,5,36.52160319,128.7176435,산천정사(山泉精舍)
8,2,4,5,36.5252088,128.7010008,남분지고택(南賁趾古宅)
8,2,4,5,36.52507294,128.8542663,임호서당(臨湖書堂)
8,2,4,5,36.527562,128.8414478,갈계정(葛溪亭)
8,2,4,5,36.51065178,128.8493602,송하재사(松下齋舍)
8,2,4,5,36.47244312,128.8137918,안동김씨재사(安東金氏齋舍)
8,2,2,2,36.52070546,128.8658932,죽림헌(竹臨軒)
8,2,4,5,36.52023603,128.8551621,괴와구려(愧窩舊廬)
8,2,4,5,36.50638822,128.8530714,예천임씨 금양파 종택(醴泉林氏 錦陽派 宗宅)
8,2,4,5,36.70354232,128.8643923,성재(惺齋)
8,2,4,5,36.7178784,128.9281946,오월정(梧月亭)
8,2,4,5,36.75561807,128.9432785,자운재사(紫雲齋舍)
8,2,4,5,36.74015404,128.866742,목재고택(穆齋古宅)
8,2,4,5,36.73146757,128.8724268,사은구장(仕隱舊庄)
8,2,4,5,36.73146757,128.8724268,원대고택(遠臺古宅)
8,2,4,5,36.74198869,128.8373254,도계정사(兜溪精舍)
8,2,4,5,36.57342908,128.7687332,서운정(栖雲亭)
8,2,4,5,36.75170118,128.8199875,침천정(枕泉亭)
8,2,4,5,36.73022161,128.8575288,하계정(霞溪亭)
8,2,4,5,36.78766991,128.7387329,간재종택(艮齋宗宅)
8,2,4,5,36.78726331,128.7390032,청천와(聽天窩)
8,2,4,5,36.72591144,128.763144,영모암(永慕庵)
8,2,4,5,36.72469745,128.7641789,능동재사(陵洞齋舍)
8,2,4,5,36.74985278,128.8300607,요산정(樂山亭)
8,2,4,5,36.68918818,128.7658061,추원재(追遠齋)
8,2,4,5,36.69985614,128.7682298,영모정(永慕亭)
8,2,4,5,36.78404326,128.7753914,영모정(永慕亭)
8,2,4,5,36.60779557,128.7176535,영양남씨 연원재사(英陽南氏 燕院齋舍)
8,2,4,5,36.74961471,128.8715463,선성김씨 전의비(宣城金氏 傳疑碑)
8,2,4,5,36.75168546,128.87671,봉성금씨 변의비(鳳城琴氏?疑碑)
8,2,4,5,36.5698856,128.5131223,안호정(雁湖亭)
8,2,4,5,36.57353496,128.813741,영벽헌(暎碧軒)
8,2,4,5,36.59771337,128.5226794,해저댁고택
8,2,4,5,36.59711258,128.5203343,간산고택
8,2,4,5,36.57715745,128.7647434,민속촌
8,2,4,5,36.67886434,128.7512966,청주정씨 추원재 재사(淸州鄭氏 追遠齋 齋舍)
8,2,4,5,36.53831108,128.6553858,안동판관 김성경 유허비(安東判官 金成慶 遺墟碑)
8,2,4,5,36.52370982,128.6922666,김한백 효자비각(金漢伯 孝子碑閣)
8,2,4,5,36.53901939,128.7745231,세효각(世孝閣)
8,2,4,5,36.5055965,128.8536909,만초고택(晩樵古宅)
8,2,4,5,36.66758137,128.8687942,정정재(鼎井齋)
8,2,4,5,36.7411358,128.8030886,야당정(野塘亭)
8,2,4,5,36.6077694,128.5767767,동지공 사당(同知公 祠堂)
8,2,4,5,36.6318087,128.7877618,동리정사(東籬精舍)
8,2,4,5,36.44584281,128.6769017,동리재사(東籬齋舍)
8,2,4,5,36.53984224,128.6664506,함경당(涵鏡堂)
8,2,4,5,36.69300723,128.8708685,정성재(定省齋)
8,2,4,5,36.62594792,128.6473318,독실재사(篤實齋舍)
8,2,4,5,36.43595834,128.9155348,돈수재(遯?齎)
8,2,4,5,36.72401397,128.8725439,월란정사(月瀾精舍)
8,2,4,5,36.73902244,128.882293,갈운정(葛雲亭)
8,2,4,5,36.64599557,128.8589921,낙은정(洛隱亭)
8,2,4,5,36.41732548,128.9164192,일산고택(逸山古宅)
8,2,4,5,36.5832844,128.5462964,안동김씨 역동재사(台庄齋舍)
8,2,4,5,36.5832844,128.5462964,안동김씨 양소당 별묘       (安東金氏 養素堂 別廟)
8,2,4,5,36.69032935,128.6970138,진주강씨 산고재사(晉州姜氏 山皐齋舍)
8,2,4,5,36.68889277,128.7022136,일원재(一源齋)
8,2,4,5,36.43592736,128.6599035,상현정(象賢亭)
8,2,4,5,36.62995216,128.8544972,도목정사(道睦精舍)
8,2,4,5,36.36940278,128.963618,대은정(大隱亭)
8,2,4,5,36.58741522,128.7418506,설월당(雪月堂)
8,2,4,5,36.52093693,128.5594378,익양서당(益陽書堂)
8,2,4,5,36.56025999,128.6684975,연어헌(鳶魚軒)
8,2,4,5,36.58477816,128.6677827,한서재(寒栖齋)
9,2,2,5,35.47540912,129.0563672,통도사 대웅전 및 금강계단
9,2,2,3,35.47540912,129.0563672,통도사 삼층석탑
9,2,2,5,35.42606271,128.951466,신흥사 대광전
9,2,1,2,35.356951,129.0498863,북정리 고분군
9,2,2,6,35.47540912,129.0563672,자장암 마애아미타여래삼존상
10,2,4,5,36.6316456,129.0902098,감천리 낙안오씨종택(甘川里 樂安吳氏宗宅)
10,2,4,5,36.6332212,129.0881453,감천리 오승찬가옥(甘川里 吳昇燦家屋)
10,2,4,6,36.6306852,129.0897892,감천리 병암재(甘川里 ?巖齋)
10,2,4,6,36.63144354,129.0892396,감천리 교봉재(甘川里 轎峰齋)
10,2,4,6,36.6324936,129.0871808,감천리 송산재(甘川里 松山齋)
10,2,4,5,36.6333797,129.0890603,감천리 화수재(甘川里 花樹齋)
10,2,4,6,36.6303893,129.0921203,감천리 연소정(甘川里 蓮沼亭)
10,2,4,5,36.6311932,129.0892358,감천리 김순남가옥
10,2,4,6,36.650577,129.1567204,대천리 문월당(大川里 問月堂)
10,2,4,6,36.64873276,129.1531781,대천리 송원정(大川里 松源亭)
10,2,4,7,36.64779728,129.1608481,대천리 오삼성 효자각(大川里 吳三省 孝子閣)
10,2,4,6,36.64873276,129.1531781,대천리 오창범가옥(大泉里 吳昌範家屋)
10,2,4,6,36.6688349,129.1143606,동부리 도항재(東部里 道項齋)
10,2,4,7,36.67888702,129.1173016,동부리 고인돌군(東部里 고인돌群)
10,2,4,6,36.63300576,129.2002823,무창리 천언유정효각(茂蒼里 千彦裕旌孝閣)
10,2,4,6,36.67380697,129.1368257,삼지리 연대암 관음전(三池里 蓮臺庵 觀音殿)
10,2,4,6,36.6850353,129.1519197,상원리 율수당(上元里 聿修堂)
10,2,4,7,36.66735774,129.1126844,서부리 삼층석탑(西部里 三層石塔)
10,2,4,6,36.6648878,129.1391553,하원리 조임신도비각(下元里 趙任神道碑閣)
10,2,4,5,36.65034353,129.1142219,현리 영성사 대웅전(縣里 永成寺 大雄殿)
10,2,4,7,36.6545661,129.1078278,현리 권영성 창선비(縣里 權永成 彰善碑)
10,2,1,3,36.6545661,129.1078278,현리 산성 석실고분군(縣里 山城 石室古墳群)
10,2,2,6,36.65624634,129.1045596,현리 무량사(縣里 無量寺)
10,2,4,7,36.64735271,129.1702916,화천리 한양조씨재사(化川里 漢陽趙氏齋舍)
10,2,4,6,36.5910109,129.0886096,산해리 변씨재사(山海里 ?氏齋舍)
10,2,4,5,36.6108081,129.0700983,영양 연당리 정종대 가옥
10,2,4,5,36.6009095,129.0657545,신사리 용암정(蓉巖亭)
10,2,4,7,36.579951,129.0857695,삼산리 영모재(三山里 永慕齋)
10,2,4,6,36.5795652,129.0854348,삼산리 가은정(三山里 稼隱亭)
10,2,4,6,36.5920127,129.0902649,신구리 부용재(新邱里 芙蓉齋)
10,2,4,6,36.5918607,129.0910779,신구리 기암정(新邱里 沂巖亭)
10,2,2,5,36.6017605,129.0868007,신구리 석불좌상(新邱里 石佛坐像)
10,2,4,5,36.5975139,129.0802526,신사리 남곡정사(新泗里 南谷精舍)
10,2,4,7,36.59704364,129.0829522,신사리 석탑(新泗里 石塔)
10,2,4,6,36.61109045,129.070727,연당리 정세훈가옥(蓮塘里 鄭世勳家屋)
10,2,4,6,36.6115152,129.070483,연당리 정수달가옥(蓮塘里 鄭壽達家屋)
10,2,4,5,36.61172136,129.0703562,연당리 정수용가옥(蓮塘里 鄭壽鎔家屋)
10,2,4,5,36.61172584,129.0706689,연당리 정용상 가옥(蓮塘里 鄭鏞商家屋)
10,2,4,6,36.61102822,129.0702176,연당리 정중호가옥(蓮塘里 鄭中鎬家屋)
10,2,4,6,36.61147917,129.0708905,연당리 정휘숙가옥(蓮塘里 鄭輝淑家屋)
10,2,4,6,36.6132326,129.0656037,연당리 임천재(蓮塘里 臨川齋 / 輞邱齋舍)
10,2,4,6,36.61140793,129.0721737,연당리 영모당(蓮塘里 永慕堂 / 桐坡齋)
10,2,4,6,36.62542863,129.0649063,연당리 한후정(蓮塘里 寒後亭)
10,2,4,6,36.66429663,129.0108646,구매리 괴정재(九梅里 槐井齋)
10,2,4,6,36.6647916,129.0093612,구매리 구산정(九梅里 九山亭)
10,2,4,6,36.6676688,129.0058905,구매리 산옹초려(九梅里 山翁草廬)
10,2,4,6,36.6658863,129.0093757,구매리 초계정(九梅里 蕉溪亭)
10,2,4,6,36.7272479,129.037649,기포리 경산정(幾浦里 ?山亭)
10,2,2,5,36.7412871,129.0553192,기포리 영산사석불좌상(基浦里 靈山舍石佛坐像)
10,2,4,7,36.75599572,129.0301667,무진리 무진리사지(無盡里 無盡里寺址)
10,2,4,7,36.7556317,129.0300927,무진리 한양조씨재사(無盡里 漢陽趙氏齋舍)
10,2,4,6,36.7159807,129.0735791,산운리 최진만효자각(山雲里 崔鎭萬孝子閣)
10,2,4,6,36.6375269,129.0660453,상청리 학천서당(上靑里 學川書堂)
10,2,4,6,36.62922848,129.0626123,저리 금계재(苧里 琴溪齋)
10,2,4,6,36.6301227,129.0630196,저리 장암정(苧里 章巖亭)
10,2,4,6,36.6316733,129.0633586,저리 초계정(苧里 樵溪亭)
10,2,4,6,36.6312698,129.0637243,저리 김세종가옥
10,2,4,6,36.67890504,129.0583285,정족리 가오정(鼎足里 佳梧亭)
10,2,4,7,36.6904528,129.0821409,정족리 흥림사지(正足里 興霖寺址)
10,2,4,6,36.6608294,129.0597719,청기리 세석거택(靑杞里 洗石居宅)
10,2,4,5,36.6606583,129.0618477,청기리 이창환가옥(靑杞里 李昌煥家屋)
10,2,4,6,36.66175409,129.0602772,청기리 조계정(靑杞里 造溪亭)
10,2,4,6,36.6606641,129.0621372,청기리 오해창가옥(靑杞里 吳海昌家屋)
10,2,4,5,36.67174125,129.0415678,토곡리 암분산주
10,2,4,6,36.6833368,129.0367549,토곡리 영모재(土谷里 永慕齋)
10,2,4,6,36.71471433,129.1583743,가천리 월성이씨정려각(佳川里 月城李氏旌閭閣)
10,2,4,6,36.7049758,129.1288258,도계리 조동승가옥(道溪里 趙東承家屋)
10,2,4,6,36.705262,129.1297134,도계리 수월헌(道溪里 水月軒)
10,2,4,6,36.70237609,129.1274659,도계리 금용락가옥
10,2,4,6,36.70534675,129.1289639,도계리 사의정사(道溪里 思義精舍)
10,2,4,5,36.75039303,129.0832976,도곡리 수송정(道谷里 睡松亭)
10,2,4,5,36.7581545,129.0882514,도곡리 열녀이씨 정려비각(道谷里 烈女李氏 旌閭碑閣)
10,2,4,5,36.7586701,129.0877216,도곡리 취은당(道谷里 醉隱堂)
10,2,4,6,36.591373,129.0798547,영양 산해리 초선대
10,2,2,5,36.7649792,129.0781529,도곡리 석조여래좌상(道谷里 石造如來坐像)
10,2,4,6,36.7051688,129.1401784,섬촌리 방도헌(剡村里 放棹軒)
10,2,4,6,36.7070588,129.1419301,섬촌리 신암정(剡村里 愼菴亭)
10,2,4,6,36.70222684,129.1284259,도계리 조종건가옥
10,2,4,5,36.71938761,129.1008201,주곡리 곡강댁(注谷里 曲江宅)
10,2,4,5,36.72094422,129.0982452,주곡리 노계고택(注谷里 魯溪古宅)
10,2,4,5,36.7199597,129.1006205,주곡리 당동댁(注谷里 唐洞宅)
10,2,4,7,36.72045129,129.0990327,주곡리 조기영가옥(注谷里 趙基英家屋)
10,2,4,5,36.7205457,129.0987747,주곡리 조동시가옥(注谷里 趙東時家屋)
10,2,4,5,36.72042599,129.0993433,주곡리 조석환가옥(注谷里 趙錫煥家屋)
10,2,4,6,36.720679,129.1004854,주곡리 창주정사(注谷里 滄洲精舍)
10,2,4,7,36.71939878,129.1001826,주곡리 호은정사(注谷里 壺隱精舍)
10,2,4,5,36.7204202,129.0977716,주곡리 침천정(注谷里 枕泉亭)
10,2,4,7,36.7199601,129.0991869,주곡리 학파헌(注谷里 鶴坡軒)
10,2,4,5,36.7489347,129.0863616,도곡리 명고서원
10,2,4,5,36.74035425,129.1526633,칠성리 덕후재(七星里 德厚齋)
10,2,4,6,36.7440883,129.1519345,칠성리 충효재(七星里 忠孝齋)
10,2,4,6,36.76772776,129.1978062,발리리 해평댁(發里里 海平宅)
10,2,4,5,36.8290129,129.2510983,수하리 김대준가옥(수하리 투방집)
10,2,4,5,36.74517599,129.2340016,신원리 검마산 부도군(新院里 劍磨山 浮圖群)
10,2,4,5,36.7624526,129.2082317,신원리 수산유허비각(新院里 首山遺墟碑閣)
10,2,4,5,36.7134873,129.2060845,죽파리 죽림정(竹坡里 竹林亭)
10,2,4,5,36.6024706,129.1497955,소계리 봉화댁(素溪里 奉化宅)
10,2,4,6,36.6009728,129.1491101,소계리 오류정(素溪里 五柳亭)
10,2,4,5,36.6010834,129.1512734,소계리 금계서당(素溪里 金溪書堂)
10,2,4,6,36.5387123,129.1574899,신평리 최진규가옥
10,2,4,5,36.5846854,129.1398828,옥계리 경암재(玉溪里 敬巖齋)
10,2,4,7,36.5852062,129.1393357,옥계리 금화재(玉溪里 金華齋)
10,2,4,6,36.5847946,129.1395837,옥계리 계암정(玉溪里 溪巖亭)
10,2,4,6,36.5684198,129.1290993,옥계리 김병만효자각(玉溪里 金炳萬孝子閣)
10,2,4,6,36.5765828,129.2008154,요원리 요원재(腰院里 腰院齋)
10,2,4,5,36.5597221,129.1272321,원리리 도사댁(院里里 都事宅)
10,2,4,5,36.5585712,129.1284102,원리리 석계종택(院里里 石溪宗宅)
10,2,4,6,36.5579984,129.1281048,원리리 병암고택(院里里 甁菴故宅)
10,2,4,6,36.5593756,129.1263719,원리리 해저댁(院里里 海底宅)
10,2,4,5,36.5582728,129.1283189,원리리 영감댁(院里里 令監宅)
10,2,4,5,36.5574887,129.126058,원리리 광록정(院里里 廣麓亭)
10,2,4,6,36.55812345,129.1289426,석천서당 주사(石川書堂 廚舍)
10,2,4,5,36.57617558,129.1598658,주남리 의원재(做南里 毅遠齋)
10,2,4,6,36.55675138,129.1023772,지경리 남자현지사 생가지(地境里 南慈賢志士 生家址)
10,2,4,5,36.5160492,129.1834343,화매리 평산신씨 함창공파종택(花梅里 平山申氏 咸昌公派宗宅)
10,2,4,6,36.58910041,129.1705519,홍계리 모산재(洪溪里 慕山齋)
11,2,2,3,36.997381,128.685644,영주 부석사 무량수전 앞 석등
11,2,2,4,36.997381,128.685644,영주 부석사 무량수전
11,2,2,4,36.997381,128.685644,영주 부석사 조사당
11,2,2,4,36.998088,128.688197,영주 부석사 소조여래좌상
11,2,2,4,36.998088,128.688197,부석사 조사당 벽화
11,2,4,4,36.925924,128.58231,안향 초상
11,2,2,3,36.822931,128.671689,영주 흑석사 목조아미타여래좌상 및 복장유물
11,2,2,3,36.92411,128.57933,영주 숙수사지 당간지주
11,2,2,3,36.819522,128.61718,영주 영주동 석조여래입상
11,2,2,3,36.911815,128.582334,영주 석교리 석조여래입상
11,2,2,3,36.997381,128.685644,영주 북지리 석조여래좌상
11,2,2,3,36.809841,128.612817,영주 가흥동 마애여래삼존상 및 여래좌상
11,2,2,3,36.998788,128.687976,영주 부석사 삼층석탑
11,2,2,3,36.997381,128.685644,영주 부석사 당간지주
11,2,4,5,36.92525,128.579069,대성지성문선왕전좌도
11,2,4,5,36.769563,128.575256,장계 홍패 및 장말손 백패·홍패
11,2,4,5,36.769563,128.575256,장말손 초상
11,2,4,5,36.769563,128.575256,장말손 적개공신교서
11,2,2,3,36.843151,128.685437,영주 신암리 마애여래삼존상
11,2,2,3,36.822941,128.671658,영주 흑석사 석조여래좌상
11,2,4,5,36.92525,128.579069,주세붕 초상
11,2,2,4,36.997381,128.685644,영주 부석사 고려목판
11,2,2,2,36.950758,128.543546,영주 성혈사 나한전
11,2,4,5,36.769563,128.575256,장말손 유품
11,2,2,3,36.941445,128.500624,영주 비로사 석조아미타여래좌상
11,2,2,3,36.941445,128.500624,영주 비로사 석조비로자나불좌상
11,2,4,5,36.769563,128.575256,장말손 종가 고문서
11,2,1,5,36.92525,128.579069,영주 소수서원 문성공묘
11,2,4,5,36.92525,128.579069,영주 소수서원 강학당
11,2,2,5,36.997381,128.685644,영주 부석사 오불회 괘불탱
11,2,2,3,36.997381,128.685644,영주 부석사 석조석가여래좌상
11,2,4,5,36.92525,128.579069,영주 소수서원
11,2,1,2,36.917184,128.562128,영주 순흥 어숙묘
11,2,1,2,36.916212,128.566016,영주 순흥 벽화 고분
11,2,1,5,36.927077,128.57852,영주 금성대군 신단
11,2,4,2,36.894844,128.450553,죽령 옛길
11,1,4,7,36.884787,128.564544,영풍 단촌리 느티나무
11,1,4,7,36.900335,128.550749,영풍 태장리 느티나무
11,1,4,7,36.924312,128.608393,영풍 병산리 갈참나무
11,2,4,5,36.92525,128.579069,김흠조 부부 묘 출토유물
11,2,4,5,36.73377,128.680937,영주 괴헌고택
11,2,4,5,36.733318,128.621185,영주 무섬마을
11,2,2,4,36.939333,128.499211,비로사진공대사보법탑비
11,2,2,3,36.939333,128.499211,영주삼가동석조당간지주
11,2,4,5,36.843879,128.698514,우금촌두암고택
11,2,2,3,36.915984,128.57543,영주읍내리석불입상
11,2,2,3,36.944347,128.526175,초암사삼층석탑
11,2,2,4,36.997381,128.685644,부석사원융국사비
11,2,2,4,36.944347,128.526175,초암사동부도
11,2,2,4,36.944347,128.526175,초암사서부도
11,2,2,3,36.997381,128.685644,부석사삼층석탑
11,2,2,5,36.806607,128.68586,칠성루및휴계재사
11,2,4,5,36.88118,128.525777,풍기향교<대성전동.서무>
11,2,2,5,36.919794,128.457014,희방사동종
11,2,4,4,36.81566,128.546778,회헌개모영정
11,2,4,5,36.92525,128.579069,서총대친림연회도
11,2,4,1,36.809841,128.612817,영주가흥리암각화
11,2,4,5,36.789087,128.73328,군자정
11,2,4,5,36.751915,128.653852,종릉재사
11,2,2,5,36.932582,128.555359,배순정려비
11,2,4,4,36.718502,128.639501,영주용혈리와요지
11,2,2,3,36.872128,128.529112,영주영전사석조여래입상
11,2,4,5,36.783278,128.544717,영주이개립문중소장문적
11,2,4,5,36.92525,128.579069,명종어필‘소수서원’현판
11,2,4,5,36.92525,128.579069,소수서원소장판목
11,2,4,5,36.729481,128.666558,영주금광리장석우가옥
11,2,4,5,36.846004,128.694826,영주만취당김개국종중소장전적및책판
11,2,4,5,36.92525,128.579069,영주박승임종중소장전적및유물
11,2,4,5,36.89587,128.525612,영주금양정사
11,2,2,3,36.950758,128.543546,영주 성혈사 석조비로자나불좌상
11,2,4,5,36.92525,128.579069,소수박물관 소장 성학십도 판목
11,2,4,5,36.92525,128.579069,소수박물관 소장 해동명적
11,2,2,5,36.938979,128.498737,영주 비로사 아미타후불탱화
11,2,4,4,36.830727,128.629027,영주향교 대성전
11,1,4,7,36.845523,128.55781,영풍장도장
11,2,1,1,36.816374,128.628066,휴천리지석및입석
11,2,4,5,36.917052,128.578331,사현정
11,2,4,5,36.945003,128.649903,도강서당
11,1,4,7,36.91605,128.574959,순흥의 연리지송
11,2,4,5,36.836129,128.695222,영주 이산서원
11,2,4,5,36.783278,128.54475,영주 의산서원
11,2,4,5,36.732509,128.620964,해우당고택
11,2,4,5,36.731582,128.621745,만죽재고택
11,2,4,5,36.769563,128.575204,화기리인동장씨종택
11,2,4,5,36.939313,128.585388,영주청구리입석
11,2,4,5,36.730986,128.621753,영주수도리김덕진가옥
11,2,4,5,36.731983,128.620699,영주수도리김뢰진가옥
11,2,4,5,36.727758,128.664167,영주 금광리 성황당
11,2,4,5,36.752804,128.697299,영주 평은리 양지암
11,2,2,3,36.91605,128.57492,영주읍내리석조여래좌상
11,2,2,4,36.814233,128.721615,영풍두월리약사여래석불
11,2,4,5,36.728623,128.666404,금광리장씨고택
11,2,4,5,36.91605,128.57492,순흥척화비
11,2,2,3,36.759042,128.610274,영풍월호리마애석불좌상
11,2,2,3,36.836219,128.654669,영주상망동석불좌상
11,2,2,2,36.900968,128.469238,백룡사석조여래좌상
11,2,4,5,36.926346,128.60835,첨모당
11,2,4,4,36.822922,128.619856,영주동반구정
11,2,4,5,36.929631,128.576214,순흥향교
11,2,2,3,36.82291,128.671674,흑석사마애삼존불상
11,2,4,6,36.730811,128.62195,영주수도리김위진가옥
11,2,4,5,36.730619,128.622096,영주수도리김규진가옥
11,2,4,6,36.73084,128.621223,영주수도리김정규가옥
11,2,4,5,36.731568,128.621745,영주수도리박덕우가옥
11,2,4,6,36.731582,128.621745,영주수도리박천립가옥
11,2,4,5,36.828516,128.626175,영주영훈정
11,2,4,5,36.846004,128.694826,만취당
11,2,2,4,36.702432,128.682005,영주강동리마애보살입상
11,2,4,5,36.789087,128.73328,오계서원
11,2,4,5,36.851596,128.648263,단운재사
11,2,4,5,36.732433,128.647706,영주용혈리달성서씨재사
11,2,2,4,36.807001,128.616141,영주휴천동마애여래좌상
11,2,4,5,36.925916,128.582378,순흥도호부 유물
11,2,2,5,36.950758,128.543546,영주 성혈사 신중탱화
11,2,4,5,36.805336,128.699294,영주 덕산고택
11,2,4,5,36.824616,128.631341,영주 유연당
11,2,4,5,36.843879,128.698514,영주 만간암
11,2,4,5,36.846576,128.721962,영주 일우정
11,2,4,5,36.750713,128.687347,영주 야성송씨 괴동재사
11,2,4,5,36.836697,128.69896,영주 천운정
11,2,4,6,36.814826,128.693313,영주 내림리 모은정
11,2,4,5,36.834414,128.701838,영주 석포리 야일당
11,2,4,5,36.808103,128.701932,영주 도림서당
11,2,4,5,36.727977,128.666064,영주 금광리 만연헌
11,2,4,5,36.727206,128.667966,영주 금광리 의관댁
11,2,4,5,36.734685,128.68227,영주 금광리 까치구멍집
11,2,4,5,36.756368,128.685784,영주 강동리 충주석씨재사
11,2,4,5,36.729095,128.666636,영주 금광리 심원정
11,2,4,6,36.776723,128.67879,영주 신천리 월춘정
11,2,4,6,36.834414,128.701831,영주 석포리 까치구멍집
11,2,4,4,36.906986,128.57543,영주 안향 향려비
11,2,4,5,36.821654,128.654598,영주 원리 도율종중 고택
11,2,2,5,36.830642,128.627708,영주 안양원 독성탱화 및 신중탱화
11,2,4,6,36.85105,128.694287,영주 구은고택
11,2,4,5,36.752347,128.654116,영주 류빈 묘비 및 석물 일괄
11,2,4,6,36.827735,128.621087,영주 근대역사문화거리
11,2,4,6,36.82984,128.618751,구 영주역 5호 관사
11,2,4,6,36.830088,128.61885,구 영주역 7호 관사
11,2,4,6,36.828448,128.617568,영주 영주동 근대한옥
11,2,4,6,36.827554,128.620035,영주 영광이발관
11,2,4,6,36.827805,128.620825,영주 풍국정미소
11,2,2,6,36.828307,128.622309,영주 제일교회
12,2,2,4,36.02033006,128.7648327,영천 은해사 거조암 영산전
12,2,2,3,35.93729997,128.8986368,영천 신월리 삼층석탑
12,2,2,5,35.99657401,128.7672439,영천 은해사 백흥암 극락전 수미단
12,2,2,4,36.03948415,128.9689166,영천 선원동 철조여래좌상
12,2,2,5,36.00386741,128.7592643,영천 은해사 운부암 금동보살좌상
12,2,4,2,35.93486083,128.9369221,영천 청제비
12,2,4,5,35.96639777,128.9289225,영천 숭렬당
12,2,4,5,35.9699596,128.9282022,영천향교 대성전
12,2,4,5,35.9647555,128.9284039,이형상수고본
12,2,4,5,36.0782331,128.7609635,권응수장군 유물
12,2,2,3,36.08420547,128.7666327,영천 화남리 삼층석탑
12,2,2,4,36.08421614,128.7661533,영천 화남리 석조여래좌상
12,2,2,5,35.99657401,128.7672439,영천 은해사 백흥암 극락전
12,2,4,5,36.0169644,128.9733604,임고서원 전적
12,2,4,5,36.01663775,128.9745699,정몽주 초상
12,2,2,5,35.9902546,128.7943133,은해사 괘불탱
12,2,2,5,36.0396276,128.7179635,수도사 노사나불괘불탱
12,2,2,5,35.9902546,128.7943133,영천 은해사 청동북 및 북걸이
12,2,2,5,36.12617734,128.8978403,영천 봉림사 영산회상도 및 복장유물
12,2,2,5,35.9902546,128.7943133,영천 은해사 염불왕생첩경도
12,2,4,5,36.00686437,129.0975765,대명률
12,1,4,5,36.10553696,128.9154729,영천 자천리 오리장림
12,2,4,5,36.07316702,128.9767232,영천시 매산 고택과 산수정
12,2,4,5,36.05057989,128.9775606,영천 연정 고택
12,2,4,5,35.9647555,128.9284039,병와 이형상 유품
12,2,4,5,35.9065971,128.890576,영천 만취당 고택
12,2,4,6,35.95978104,128.9384883,영천역 급수탑
12,2,4,6,35.9670655,128.9295373,영천 과전동 일본식 가옥
12,2,4,6,35.9636534,128.9213842,영천 구 화룡교
12,2,4,5,36.0896447,129.0351785,생육신 이경은선생 제단
12,2,4,5,36.0896447,129.0351785,용계서원
12,2,4,5,35.88906113,129.02321,박노계 집판목
12,2,4,5,36.0779801,129.01536,강호정
12,2,4,5,36.07909556,129.0152553,오회공종택
12,2,4,5,36.07877465,129.0154779,하천재(부비각)
12,2,4,5,36.07967322,129.0147555,사의당
12,2,4,5,36.0801535,129.0146673,삼휴정
12,2,4,5,36.07909556,129.0152553,오회당
12,2,4,5,36.0485226,129.0030343,동린각
12,2,4,5,36.04852773,129.0030337,자양서당
12,2,4,5,35.98907299,128.9156241,호수종택
12,2,2,4,36.1502858,129.0267547,거동사 대웅전
12,2,4,4,35.9673473,128.933277,영천 조양각
12,2,4,5,36.0485849,128.7913174,신녕향교 명륜당
12,2,4,5,36.00641623,128.9183725,명고영정
12,2,2,4,36.1515941,128.9921713,영천 정각리 삼층석탑
12,2,4,5,36.1147366,128.9480026,옥간정
12,2,4,5,36.11533721,128.9465482,모고헌
12,2,4,4,36.0062363,128.9855161,포은 정몽주 유허비
12,2,4,1,35.99550467,128.8400233,영천 보성리 암각화
12,2,2,5,36.10808802,129.0641204,사룡산 금정암제석탱
12,2,2,5,35.99657401,128.7672439,은해사 백흥암 감로왕도
12,2,2,4,35.99441765,128.7508424,은해사 중암암 삼층석탑
12,2,4,5,35.90664252,128.8903676,금산당
12,2,2,5,35.99026087,128.7943128,은해사 대웅전 후불탱화 및 삼장탱화
12,2,3,5,35.9971517,128.7789856,영천 치일리 인종태실
12,2,2,5,35.84446779,128.9509235,영천 영지사 대웅전
12,2,2,4,35.94570659,128.9169257,영천 죽림사 철조여래좌상
12,2,2,5,35.84446779,128.9509235,영천 영지사 대웅전 후불탱화
12,2,2,5,35.84446779,128.9509235,영천 영지사 명부전 석조지장시왕상 일괄
12,2,4,5,35.87824454,128.9073797,영천 조치우 옥비
12,2,4,5,35.97926504,128.945072,민간조보
12,2,4,4,35.99204344,128.7539745,영천 묘봉암 목우자수심결
12,2,4,4,36.016943,128.9733604,영천 임고서원 영조을묘모본 정몽주 초상 및 함
12,2,2,5,35.98726275,128.7682957,영천 은해사 기기암 신중도
12,2,4,5,35.9920257,128.9899241,전 금강성장군 황보능장묘
12,2,4,5,36.0169644,128.9733604,임고서원
12,1,4,5,36.0169644,128.9733604,임고서원의 은행나무
12,2,4,5,36.10792036,129.0667365,영천 충효재
12,1,4,5,35.9016945,128.9319938,영천 약남리 회화나무
12,2,4,5,36.017124,128.9908118,고천서원
12,2,4,2,35.922115,128.9421516,영천 청제
12,2,4,5,36.06929207,128.9001074,임란의병 한천전 승첩지
12,2,4,5,35.93641392,128.9349346,완귀정
12,2,4,5,36.0393341,128.9694084,환구세덕사
12,2,4,5,35.99173232,128.9167927,양계정사
12,2,4,5,35.8567428,128.9218068,지산고택
12,2,4,5,36.0574214,128.8736527,영천 귀애정
12,2,4,5,35.981562,128.9121459,이대전 유허비
12,2,4,5,35.84831122,128.9450308,도잠서원
12,2,4,5,35.87824454,128.9073797,유후재
12,2,4,5,36.0485849,128.7913174,신녕향교 대성전
12,2,2,4,36.0915354,128.9484171,영천 공덕동 3층 석탑
12,2,2,2,36.02033006,128.7648327,은해사 거조암 삼층석탑
12,2,2,2,35.84446779,128.9509235,영천 영지사 범종각
12,2,4,5,36.0475374,128.9779551,함계정사
12,2,2,5,35.9902546,128.7943133,은해사 대웅전 후불탱화 및 삼장탱화
12,2,4,5,36.027033,128.9941969,영천 경주김씨 지사공종택
12,2,2,6,36.11130418,128.9210074,영천 자천교회
12,2,4,5,35.96639777,128.9289225,영천 향사당 입규현판
12,2,4,5,35.93593316,128.9365849,영천 육우당
12,2,2,4,35.99204344,128.7539745,영천 묘봉암 법질별행록절요병입사기
12,2,2,5,35.99195198,128.8291056,영천 목조각장
13,2,4,5,35.5476326,129.3045158,이휴정
13,2,4,1,35.475451,129.3399089,성암동패총
13,2,4,2,35.4671467,129.3491799,처용암
13,2,3,5,35.477294,129.3421906,개운포성지
13,2,1,5,35.548906,129.423125,서인충 장군묘소
13,2,4,5,35.542364,129.428291,망 조 대
13,2,1,6,35.497805,129.422927,서진문 선생 묘비
13,2,4,6,35.500155,129.432216,성세빈 선생 송덕비
13,2,4,6,35.49095677,129.4394003,이종산 선생 공덕비
13,1,4,7,35.490356,129.436131,낙화암 쌍바위
13,2,2,3,35.542762,129.417557,불당골 마애여래입상
13,2,4,6,35.53928559,129.4207529,월성이씨 열행비
13,2,4,5,35.534738,129.416159,감목관 황경 영세불망비
13,2,4,5,35.54132138,129.4251459,남목 목관비
13,2,3,2,35.512782,129.420061,방어진산성(시리성)
13,2,4,6,35.480682,129.426581,방파제축조기념비
13,2,3,7,34.953049,126.486785,관문성
13,2,2,7,35.578917,129.438587,어물동 마애여래좌상
13,2,2,7,35.6611619,129.3906611,신흥사 구 대웅전 단청반자
13,2,2,7,35.6611619,129.3906611,신흥사 석조아미타여래삼존좌상 및 복장물 일괄
13,2,1,7,35.6614265,129.3377136,중산동 고분군
13,2,4,7,35.5903284,129.4611813,우가산 유포봉수대
13,2,3,7,35.6164572,129.4472304,유포석보
13,2,1,7,35.6195816,129.3348042,상안동 지석묘
13,2,1,7,35.6136039,129.3685531,창평동 지석묘군
13,1,4,7,35.6123592,129.4569475,곽암
13,2,4,7,35.6330474,129.3292674,달천철장
13,2,4,7,35.6252592,129.3077935,중산동 취락유적
13,1,4,7,35.6341569,129.4424644,강동 화암 주상절리
13,2,4,7,35.668628,129.3863715,대안동 쇠부리터
13,2,4,7,35.6439113,129.3667345,울산 매곡동 생활유적
13,2,4,7,35.6023801,129.3598765,박상진의사 생가
13,2,2,7,35.6611619,129.3906611,대안동 신흥사 구 대웅전
13,2,4,1,35.614295,129.175215,울주 천전리 각석
13,2,4,1,35.6086309,129.1729459,울주 대곡리 반구대 암각화
13,2,2,7,35.5324799,129.2384187,울주 망해사지 승탑
13,2,2,7,35.623887,129.046155,울주 석남사 승탑
13,2,2,7,35.555481,129.071981,울주 간월사지 석조여래좌상
13,2,2,7,35.522564,129.223246,울주 청송사지 삼층석탑
13,1,4,7,35.6261998,129.0748867,육경합부
13,2,4,5,35.5706192,129.006143,울주 천황산 요지
13,2,3,5,35.5693813,129.1220739,울주 언양읍성
13,2,4,1,35.449296,129.181669,울주 검단리 유적
13,1,4,5,35.621815,129.134935,울주 구량리 은행나무
13,1,4,7,35.449255,129.351941,울주 목도 상록수림
13,1,4,7,35.609526,129.004428,가지산 철쭉나무 군락
13,2,4,4,35.521052,129.109986,울주 상천리 통도사 국장생 석표
13,2,4,5,35.521046,129.223531,청송사지부도
13,2,4,5,35.450213,129.153338,운흥사지부도
13,2,2,4,35.618819,129.052349,석남사삼층석탑
13,2,4,5,35.556915,129.1141879,언양향교
13,2,1,5,35.574071,129.194971,경숙옹주태실및비
13,2,4,5,35.608425,129.192497,반고서원유허비
13,1,2,7,35.4754091,129.0563672,문수사석조아미타여래좌상
13,1,2,7,35.6204811,129.0369743,석남사 독성도
13,2,2,3,35.5554523,129.0726016,간월사지 남북 삼층석탑
13,1,4,7,35.4328974,129.2798556,울산 옹기장
13,1,4,7,35.6095289,129.1737557,벼루장
13,2,4,7,35.6545227,129.2302973,박제상유적
13,2,1,1,35.569222,129.111306,언양지석묘
13,2,2,2,35.5554523,129.0726016,간월사지
13,2,1,4,35.584369,129.119936,위열공김취려의묘
13,2,1,2,35.463075,129.162838,은현리적석총
13,1,4,7,35.506136,129.087659,방기리알바위
13,2,4,5,35.362235,129.340673,서생 이길봉수대
13,2,4,5,35.559664,129.104843,언양부로산봉수대
13,2,3,2,35.560906,129.086352,언양천전리성
13,2,1,1,35.449407,129.202211,대대리고분
13,2,1,1,35.638619,129.223741,은편리지석묘군
13,2,1,1,35.5838852,129.1051224,향산리지석묘
13,2,1,1,35.5900557,129.1175651,지내리지석묘
13,2,2,3,35.529268,129.232352,율리영축사지
13,2,1,1,35.655469,129.163554,인보리지석묘군
13,2,1,1,35.607854,129.140883,반곡리지석묘군
13,2,1,1,35.699931,129.170579,복안리지석묘
13,2,1,1,35.6481403,129.236283,만화리지석묘
13,2,1,1,35.452324,129.182974,검단리지석묘군
13,2,1,2,35.4409954,129.192557,대대리상대고분
13,2,3,2,35.538959,129.218814,문수산성지
13,2,3,5,35.388877,129.333783,서생포만호진성
13,2,4,5,35.400101,129.347332,하산봉수대
13,2,4,5,35.534544,129.166157,삼동하잠리요지군
13,2,3,2,35.481186,129.214635,운흥사지
13,2,4,1,35.5558556,129.121723,울주교동리생활유적
13,2,4,5,35.5715796,129.083178,만정헌
13,2,4,5,35.4736402,129.234629,울산학성이씨근재공고택
13,2,2,3,35.6204811,129.0369743,석남사수조
13,1,4,7,35.614603,129.176359,천전리공룡발자국화석
13,2,3,5,35.383547,129.334085,서생포왜성
13,2,4,5,35.5229218,129.1824745,증공조참판 엄공 원강서원비
13,1,4,7,35.612138,129.192851,대곡리공룡발자국화석
13,2,3,2,35.3901536,129.236172,운화리성지
13,2,3,2,35.424599,129.290909,비옥산성
13,2,4,5,35.4700218,129.2346254,석계서원
13,2,2,5,35.377047,129.3265406,울산인성암석조보살좌상
13,1,4,5,35.568315,129.1026904,용화사 산신도
13,1,4,5,35.5271361,129.308659,심법요초
13,2,2,5,35.6457715,129.146944,목련암 목조보살좌상
13,1,4,5,35.460675,129.1953812,연지사 소장 칠성도
13,2,4,6,35.591389,129.0893144,울산 구 상북면사무소
13,2,4,6,35.5698532,129.115133,울산 언양성당과 사제관
13,2,4,6,35.4171117,129.2834294,울산 남창역사
14,2,4,6,37.08046073,129.3742206,울진 신화리 구장정사
15,2,2,4,35.3096704,128.2342794,의령 보천사지 삼층석탑
15,2,2,4,35.3099157,128.2365598,의령 보천사지 승탑
15,2,4,5,35.31468812,128.2594317,곽재우 유물 일괄
15,2,4,6,35.319533,128.257749,의령 서동리 함안층 빗방울 자국
15,1,4,5,35.439265,128.344477,의령 세간리 은행나무
15,1,4,5,35.38234015,128.351231,의령 성황리 소나무
15,1,4,5,35.35627438,128.3648179,의령 백곡리 감나무
15,1,4,5,35.4364425,128.3446884,의령 세간리 현고수
15,2,4,5,35.473466,128.374968,의령 오운마을 옛 담장
15,2,4,6,35.314158,128.294666,정암철교
15,2,2,2,35.37981854,128.3246693,의령 중교리 석조여래좌상
15,2,4,5,35.40991118,128.333326,용사일기목판
15,2,2,3,35.380358,128.341263,의령 성황리 삼층석탑
15,2,4,5,35.40991118,128.333326,이로 송암문집 및 이만승 괴당집목판
15,2,4,5,35.31468812,128.2594317,허목 미수기언 목판
15,2,4,5,35.32212297,128.2579283,의령향교
15,2,4,5,35.34371303,128.3028993,의령 향약사창계 절목
15,2,4,5,35.34371303,128.3028993,강의영 효행추거문서
15,2,4,5,35.31468812,128.2594317,의령향안 및 관련 문헌
15,2,4,5,35.31468812,128.2594317,의령 화양리 동안
15,2,2,5,35.37742501,128.2155283,의령 백련암 목조보살좌상과 복장유물
15,2,2,5,35.38023922,128.2516694,의령 수도사 석조아미타여래삼존상과 복장유물
15,2,2,5,35.47540912,129.0563672,의령 수도사 감로도
15,2,4,5,35.44528354,128.3485305,의령 안도 정려비
15,1,4,5,35.31742027,128.2625881,의령큰줄땡기기
15,1,4,5,35.3200783,128.2628274,영제시조(이종록)
15,2,4,5,35.32250278,128.2674705,의령 칠정려
15,2,3,5,35.303327,128.245723,의령 벽화산성지
15,1,4,5,35.31575022,128.2615357,의령 충익사 모과나무
15,2,1,1,35.36381783,128.3234973,의령 죽전리 고분군
15,2,3,5,35.365707,128.324773,의령 호미산성
15,2,1,1,35.31468812,128.2594317,의령 중동리 고분군
15,2,2,2,35.384506,128.220469,의령 보리사지
15,2,1,1,35.336634,128.246722,의령 수성리 지석묘군
15,2,4,1,35.335937,128.1988817,의령 신포리 입석군
15,2,1,1,35.274085,128.213744,의령 상정리 지석묘군
15,2,1,2,35.350439,128.296146,의령 운곡리 고분군
15,2,4,5,35.351924,128.373542,의령 가막산 봉수대
15,2,3,5,35.51412313,128.2908679,의령 미타산성
15,2,1,5,35.3893083,128.402468,의령 이운용 묘
15,2,1,2,35.431868,128.375781,의령 유곡리 고분군
15,2,1,2,35.435074,128.377021,의령 유곡산성
15,2,4,5,35.29542711,128.1869962,의령 덕교리 강씨고가
15,2,4,5,35.27843573,128.2121327,의령 상정리 조씨고가
15,2,4,5,35.39150572,128.4293381,의령 보덕각
15,2,4,5,35.31287722,128.2532989,의령 덕곡서원
15,2,4,5,35.45430714,128.3498046,의령 안희제 생가
15,2,4,5,35.34371303,128.3028993,태소 남극인 선생 소장 천문학관련 문헌자료
15,2,4,5,35.34002684,128.2756987,의령 태암서원
15,2,2,3,35.38023922,128.2516694,의령 수도사 석탑 및 승탑군
15,2,2,5,35.38023922,128.2516694,의령 수도사 칠성탱
15,2,4,6,35.45287822,128.3505473,의령 탐진안씨 종택
15,2,4,6,35.45306712,128.3504182,의령 안준상 고택
15,2,4,6,35.45256302,128.3503658,의령 안호상 고택
15,2,4,6,35.45308722,128.3505552,의령 안범준 고택
15,2,4,5,35.45565926,128.3497566,의령 상로재
15,2,4,6,35.42619831,128.2129906,의령 청금정
15,2,4,6,35.40704319,128.3299147,의령 임천정
15,2,4,5,35.32149202,128.2587828,의령 남군보 묘표
15,2,4,5,35.45517476,128.3469816,의령 고산재
15,2,4,6,35.47442646,128.3743523,의령 칠우정
15,2,4,5,35.47366944,128.3737181,의령 의동정
15,2,4,6,35.47343168,128.3749692,의령 운곡재
15,2,4,6,35.47122815,128.3998216,의령 변형규공 시혜비각
15,2,4,6,35.31575022,128.2615357,의령 충의각
15,2,4,5,35.49820452,128.3812858,의령 소강재
15,2,4,5,35.31468812,128.2594317,의령여씨 향제시도록 및 시조제단비
15,2,4,5,35.38400863,128.1480706,의령 미연서원
15,2,4,6,35.45216389,128.350597,의령 수파정
15,2,4,5,35.44528354,128.348596,의령 탐진안씨 문중 정려각
15,2,4,6,35.45796701,128.3393485,의령 율리재
15,2,4,5,35.39167163,128.429636,의령 쌍절각
16,2,4,5,36.341959,128.704354,효자신원록정려각
16,2,4,5,36.34146519,128.673525,추모재
16,2,4,5,36.350393,128.698525,진미사유지비각
16,2,4,5,36.24545285,128.7028612,자암종택
16,2,4,5,36.274685,128.649564,오계서당
16,2,4,5,36.333642,128.6485416,삼충재 및 비각
16,2,4,5,36.24331351,128.6990659,경정종택사당
16,2,4,5,36.489835,128.488161,관덕정
16,2,4,5,36.438714,128.7168733,사익재 사랑채
16,2,4,5,36.414795,128.694062,화산서원
16,2,4,5,36.349034,128.699783,금운정
16,2,4,5,36.2533631,128.744951,경윤정
16,2,4,5,36.25844689,128.824364,경수정
16,2,4,5,36.49329563,128.4678811,영은정
16,2,4,5,36.457996,128.416836,모운정
16,2,4,5,36.344725,128.6922765,소원정
16,2,4,5,36.49329563,128.4678811,체락정
16,2,4,5,36.256869,128.8232598,이은재
16,2,4,5,36.430394,128.667435,세천정
16,2,4,5,36.457291,128.414969,구암정
16,2,4,5,36.32811472,128.504734,병산정
16,2,4,5,36.48801029,128.488866,회운정
16,2,4,5,36.494718,128.468524,무첨당
16,2,4,5,36.314509,128.600151,삼지당
16,2,4,5,36.38442531,128.675479,우곡서원
16,2,4,5,36.288542,128.6172008,장대서원
16,2,4,5,36.2118231,128.7284281,의성 순호리 도해와
16,2,4,5,36.355229,128.706936,의성상리리충렬사
16,2,4,5,36.424153,128.762907,의성사촌리류한식 고택
16,2,4,5,36.37001918,128.4781152,의성안정리첨모당
16,2,4,5,36.340882,128.750964,의성상리리충효사
16,2,4,5,36.391178,128.451157,위천정
16,2,4,5,36.33877608,128.495111,백학서당
16,2,4,5,36.318241,128.734031,금자광록대부태자첨사의성군김공신도비
16,2,2,5,36.23878159,128.7734868,"중리교회(제1예배당 및 종탑, 구빙계교회)"
16,2,4,5,36.245755,128.7020628,의성학하고택
16,2,4,5,36.22935677,128.7349014,의성명곡서원
16,2,4,5,36.425181,128.7697926,의성기천정사
16,2,4,5,36.32092353,128.6799131,의성신원록 불천위 사당
16,2,4,5,36.40349431,128.8029966,의성학산재
16,2,4,5,36.42741005,128.7526263,의성병암서당
16,2,4,5,36.30297676,128.7849163,의성모화재
16,2,4,5,36.52593083,128.3535804,의성영모재
16,2,4,5,36.36979584,128.4754351,의성병락정
17,2,2,3,35.523584,128.549267,창녕 옥천사지
17,2,4,5,35.540771,128.501586,창녕 현감비군
17,2,4,7,35.542727,128.536195,창녕 화왕산 배바위
17,2,2,5,35.53273394,128.5535265,창녕 관룡사 칠성각
17,2,2,5,35.53273394,128.5535265,창녕 관룡사 명부전
17,2,2,5,35.53273394,128.5535265,창녕 관룡사 법고
17,2,2,5,35.53273394,128.5535265,창녕 관룡사 불화
17,2,4,5,35.54540564,128.5054413,박관준 홍패
17,2,2,3,35.54540564,128.5054413,청동여래입상
17,2,4,5,35.54540564,128.5054413,사령관노비안
17,2,2,5,35.53955968,128.5030475,"양산 통도사 창녕포교당 관음보살, 대세지불상"
17,2,2,5,35.53955968,128.5030475,창녕포교당 신중도
17,2,2,5,35.53955968,128.5030475,양산 통도사 창녕포교당 산신도
17,2,4,5,35.470835,128.416743,창녕 오여정
17,2,4,5,35.426219,128.414044,현감 고유 선정비
17,2,4,5,35.58473038,128.4973338,창녕조씨 영적비 및 비각
17,2,4,5,35.514884,128.398658,창녕 팔락정
17,2,4,5,35.52857287,128.4672863,이이존 교지첩
17,2,2,5,35.492227,128.5346484,창녕 청련사 승탑
17,2,1,1,35.49046576,128.534355,창녕 사리 지석묘
17,2,4,5,35.454686,128.532499,영산 현감비군
17,2,4,1,35.444183,128.530524,문호장 발자국
17,2,2,5,35.462342,128.537798,문호장 사당
17,2,2,5,35.463995,128.538925,문호장 목상
17,2,2,5,35.463995,128.538925,문호장 영상
17,2,2,5,35.463995,128.538925,영산 문호장굿
17,2,4,5,35.464519,128.559356,구계목도
17,2,2,5,35.40554369,128.5064173,창녕 관음사 금동불상
17,2,2,5,35.40554369,128.5064173,창녕 관음사 승탑
17,2,1,2,35.461686,128.533378,신라 태자묘
17,2,4,5,35.401673,128.513503,창녕 망우정
17,2,4,1,35.432864,128.522299,도천리 공룡 발자국
17,2,4,5,35.43825507,128.5993891,절작통편
17,2,4,6,35.45326857,128.529628,3.1운동 기념비
17,2,4,7,35.481357,128.426097,창녕 시남 덕벅굴
17,2,4,7,35.447959,128.394548,창녕 대곡 황씨굴
17,2,4,7,35.569912,128.378606,창녕 이방 동산굴
17,2,4,5,35.454713,128.528286,영산 연지
17,2,4,7,35.45516728,128.541044,함박산 약수터
18,2,2,5,35.236735,128.484337,창원 법성사 목조보살좌상
18,2,2,5,35.25139456,128.6747115,"창원 봉림사 목조관음,대세지보살좌상"
18,2,2,5,35.176138,128.7171417,창원 성주사 석조석가 삼존십육나한상(25구)
18,2,2,5,35.176138,128.7171417,창원 성주사 석조지장시왕상(31구)
18,2,2,5,35.176138,128.7171417,창원 성주사 지장보살상 복장물 전적(11점)
18,2,4,5,35.184318,128.5550972,데라우치 기증 고서화 일괄(135건)
18,2,2,5,35.20730903,128.5688046,창원 성덕암 예념미타도량참법
18,2,2,5,35.209272,128.5673052,창원 금룡사 입능가경(1권)
18,2,4,5,35.184318,128.5550972,박필리 ? 박사눌 교지첩
18,2,2,5,35.14746203,128.7793794,창원 성흥사 목조아미타여래삼존좌상
18,2,2,5,35.209272,128.5673052,창원 금룡사 목조보살입상
18,2,2,5,35.14746203,128.7793794,창원 성흥사 목조석가여래삼존좌상 및 십육나한상 일괄
18,2,2,5,35.17101521,128.6582924,창원 대광사 석문홍각범임간록
18,2,2,5,35.27821112,128.6439681,창원 내광사 지장보살본원경(3권 1책)
18,2,4,5,35.26728394,128.6229391,창원향교 향안 및 고문서 일괄
18,2,1,1,35.21397102,128.6797493,창원 외동지석묘
18,2,3,5,35.113584,128.749573,창원 웅천읍성
18,2,4,5,35.29325,128.595379,창원 달천구천
18,2,1,1,35.223289,128.661928,창원 내동패총
18,2,3,1,35.22183507,128.575889,창원 이산성지
18,2,3,4,35.1514037,128.7165689,창원 구산성지
18,2,4,5,35.13858225,128.4403286,창원 인곡리 모과나무
18,2,3,5,35.096475,128.761101,창원 웅천왜성
18,2,3,4,35.204853,128.564303,창원 회원현 성지
18,2,4,5,35.095568,128.817921,창원 유주비각
18,2,4,1,35.100371,128.482465,창원 고현리 공룡발자국화석 산지
18,2,1,5,35.314613,128.622064,창원 최윤덕 묘역
18,2,1,2,35.213686,128.684117,창원 가음정동 고분군
18,2,2,2,35.258118,128.676737,창원 봉림사지
18,2,3,2,35.23122,128.721597,창원 진례산성
18,2,4,5,35.093239,128.796005,창원 안골포굴강
18,2,4,5,35.343651,128.575296,창원 최윤덕 유허지
18,2,4,5,35.228876,128.563609,창원 봉화산 봉수대
18,2,4,5,35.129128,128.81778,창원 웅천도요지
18,2,4,4,35.106984,128.504026,창원 가을포 봉수대
18,2,4,1,35.25849,128.512887,창원 호계리 공룡발자국 화석산지
18,2,3,5,35.106041,128.742873,창원 제포진성
18,2,4,5,35.118596,128.741057,창원 웅천빙고지
18,2,4,5,35.09996,128.731721,창원 사화랑산 봉수대
18,2,3,5,35.165555,128.641352,창원 완포현 고산성
18,2,4,5,35.109471,128.839959,창원 청룡대 각석
18,2,4,1,35.25767299,128.6191963,창원 남산유적
18,2,1,1,35.220741,128.682831,창원 상남지석묘
18,2,4,6,35.19396427,128.5698566,창원 김주열 시신 인양지
18,2,4,5,35.211257,128.5616989,창원 관해정
18,2,4,4,35.203227,128.568596,창원 몽고정
18,2,1,1,35.2794981,128.6773078,창원 덕천리유적
18,2,4,7,35.316844,128.682328,창원 주남돌다리
18,2,2,3,35.21589327,128.7016248,창원 불곡사 석조비로자나불좌상
18,2,4,5,35.140116,128.661174,중완구
18,2,4,6,35.140116,128.661174,안중근의사 유묵-청초당
18,2,4,6,35.140116,128.661174,안중근의사 유묵-임적진위장의무
18,2,4,5,35.184318,128.5550972,유한지 예서 기원첩
18,2,2,5,35.176138,128.7171417,창원 성주사 목조석가여래삼불좌상
18,2,2,5,35.176138,128.7171417,창원 성주사 감로왕도
18,2,2,5,35.176138,128.7171417,몽산화상육도보설
18,2,1,1,35.20793223,128.6792735,창원 성산패총
18,2,2,5,35.176138,128.7171417,창원 성주사 동종
18,2,3,5,35.092368,128.803221,창원 안골왜성
18,2,2,6,35.197959,128.559887,창원 성요셉 성당
18,2,2,5,35.220977,128.5767818,창원 법성사 신중탱
18,2,2,5,35.25139456,128.6747115,창원 봉림사 석조여래좌상
18,2,4,5,35.101465,128.5853992,창원 삼효각
18,2,2,5,35.243329,128.703672,창원 길상사 선원제전집도서
18,2,2,5,35.243329,128.703672,창원 길상사 법집별행록절요병입사기
18,2,2,5,35.260871,128.614974,창원 천지사 석조여래좌상
18,2,2,5,35.260871,128.614974,창원 천지사 독성탱
18,2,2,5,35.17101521,128.6582924,창원 대광사 묘법연화경
18,2,2,5,35.17101521,128.6582924,창원 대광사 조상경
18,2,4,6,35.149081,128.6602876,창원 진해우체국
18,2,1,1,35.298518,128.671483,창원 다호리고분군
18,2,1,1,35.116861,128.492529,창원 진동리 유적
18,2,4,6,35.15305965,128.6653458,진해역사
18,2,4,6,35.146559,128.661469,구 진해해군통제부 병원장 사택
18,2,4,6,35.154722,128.641659,구 진해요항부 사령부
18,2,4,6,35.150515,128.630585,구 진해방비대 사령부
18,2,4,6,35.150515,128.630585,구 진해방비대 사령부 별관
18,2,4,6,35.154007,128.638825,구 진해요항부 병원
18,2,4,6,35.184361,128.5605342,구 마산헌병 분견대
18,2,4,6,35.222589,128.603562,마산 봉암수원지
18,2,4,6,35.140116,128.661174,백두산함 돛대
18,2,2,4,35.176138,128.7171417,창원 성주사 삼층석탑
18,2,2,4,35.246904,128.653281,창원 봉림사지 삼층석탑
18,2,2,4,35.20793223,128.6792735,창원 용화전 석조여래좌상
18,2,2,3,35.13858225,128.4403286,창원 의림사 삼층석탑
18,2,2,5,35.17101521,128.6582924,창원 대광사 주화엄법계관문
18,2,2,5,35.17101521,128.6582924,창원 대광사 경덕전등록
18,2,2,5,35.17101521,128.6582924,창원 대광사 수능엄경
18,2,2,5,35.17101521,128.6582924,창원 대광사 십지경론
18,2,2,5,35.17101521,128.6582924,창원 대광사 대불정다라니
18,2,2,5,35.17101521,128.6582924,창원 대광사 치문경훈
18,2,2,5,35.17101521,128.6582924,창원 대광사 대방광불화엄경소초
18,2,1,5,35.319332,128.573644,창원 김가행 묘역
18,2,2,5,35.26402631,128.555063,창원 신불사 대혜보각선사서
18,2,2,5,35.26402631,128.555063,창원 신불사 묘법연화경
18,2,4,5,35.26728394,128.6229391,창원향교 전적류
18,1,4,5,35.291179,128.678753,창원 신방리 음나무군
18,2,4,5,35.222348,128.566285,가곡(조순자)
18,2,2,3,35.19939906,128.7150739,창원 삼정자동 마애여래좌상
18,2,2,5,35.21589327,128.7016248,창원 불곡사 일주문
18,2,2,5,35.176138,128.7171417,창원 성주사 대웅전
18,2,4,5,35.26728394,128.6229391,창원향교 대성전
18,2,4,5,35.23598465,128.5871824,진해현 호적
18,2,2,2,35.14746203,128.7793794,창원 성흥사 대웅전
18,2,3,4,35.243864,128.583417,창원 합포성지
18,2,4,5,35.114924,128.488556,창원 진해현 관아 및 객사 유지
18,2,4,6,35.148157,128.625836,창원 이승만 전대통령 별장 및 정자
18,2,2,4,35.176138,128.7171417,창원 성주사 관음보살입상
18,2,2,5,35.25139456,128.6747115,창원 봉림사 불교 전적(8점)
18,2,2,5,35.15751882,128.6898205,창원 정암사 아미타후불탱 및 초본
18,2,2,5,35.15751882,128.6898205,창원 정암사 신중탱 및 초본
18,2,2,5,35.18967814,128.490854,창원 광산사 목조보살좌상
18,1,4,5,35.208936,128.551954,아랫녘수륙재
18,1,4,5,35.23936701,128.6849612,문창제 놀이
18,1,4,1,35.19104718,128.5637799,마산 농청놀이
18,1,4,5,35.226792,128.570997,매듭장(배순화)
18,1,4,5,35.221952,128.5795821,마산성신대제
18,1,4,2,35.20893975,128.5519253,불모산영산재
19,2,4,5,36.314013,129.119005,병암서원
19,2,4,5,36.29423871,128.9667229,송학서원
19,2,4,5,36.532199,129.048002,태조강헌 대왕영전
19,2,4,6,35.86542048,128.5476699,적원일기
19,2,4,5,36.43976974,129.0328457,벽 절 정
19,2,4,5,36.395949,129.069846,영 이 정
19,2,4,5,36.365289,129.078883,부강서당
19,2,4,6,36.358983,129.058996,낙 은 재
19,2,4,5,36.234978,129.020888,겸와재(침류헌)
19,2,4,5,36.264501,129.953999,동 계 정
19,2,4,5,36.294321,128.982333,일 신 재
19,2,4,6,36.436633,129.026335,청송심씨 찰방공종택
19,2,4,6,36.431742,129.058128,망 미 정
19,2,4,5,36.43304251,129.0559778,찬경루 편액
19,2,4,5,36.43304251,129.0559778,송백강릉 편액
19,2,4,6,36.43841368,129.0273462,창실고택
19,2,4,6,36.436694,128.9807163,조용일가옥
19,2,4,6,36.3969401,129.072855,만취정
19,2,4,5,36.355391,129.049049,만우정
19,2,4,6,36.4591948,129.0322375,사양서원
19,2,4,6,36.500724,129.030419,목계성황당
19,1,4,6,36.34133808,129.1554981,청송사기장(고만경)
20,2,2,3,35.98240804,128.5775353,칠곡 송림사 오층전탑
20,2,2,4,36.08685174,128.3277995,칠곡 선봉사 대각국사비
20,2,2,3,36.0016128,128.5943464,칠곡 기성리 삼층 석탑
20,2,2,3,35.9517852,128.3723365,칠곡 노석리 마애불상군
20,2,2,5,35.98240804,128.5775353,칠곡 송림사 목조석가여래삼존좌상
20,2,2,5,35.98240804,128.5775353,칠곡 송림사 석조아미타여래삼존좌상
20,2,3,5,36.0388378,128.5757308,칠곡 가산산성
20,1,4,7,35.9544587,128.4292108,칠곡 금무봉나무고사리화석산지
20,2,2,6,35.93681791,128.4049231,칠곡 가실성당
20,2,2,5,35.98240804,128.5775353,송림사 명부전목조시왕상과 제상
20,2,4,5,35.98240804,128.5775353,송림사 복장전적
20,2,4,5,35.98614504,128.5991065,칠곡 도덕암 몽계당선의대사 진영
20,2,2,4,36.0879629,128.5108984,위봉사 석조보살좌상
20,2,2,5,35.98240804,128.5775353,칠곡 송림사 대웅전
20,2,2,5,36.06595086,128.5581407,칠곡 금곡사 석조여래좌상
20,2,4,5,35.99616912,128.4361692,칠곡 해은고택
20,2,4,2,35.95537028,128.498531,신동입석
20,2,1,5,36.02771735,128.3495133,신유장군 유적
20,2,3,4,36.0827414,128.2998878,금오산성
20,2,2,5,35.96514489,128.4928274,사양서당 강당
20,2,4,5,35.9988707,128.4049806,묵헌종택
20,2,2,5,35.98240804,128.5775353,송림사 명부전 석조삼장보살좌상
20,2,4,6,35.99718862,128.4128509,동산재
20,2,2,3,35.98207333,128.5881501,칠곡 도덕암 나한전내 제상
20,2,4,5,35.9613664,128.493479,칠곡 경수당
20,2,4,5,35.98268746,128.5061611,칠곡 녹봉정사지
20,2,4,5,35.99449538,128.4314459,칠곡 감호당
20,2,4,6,35.99559957,128.4358705,칠곡 지경당
20,2,2,5,36.00468059,128.4007273,칠곡 흥국사 목조보살좌상
20,2,4,5,35.99575762,128.4347112,칠곡진주댁
20,2,2,5,36.00903416,128.604462,칠곡 묘향사 소장 신중도
20,2,4,6,35.9994556,128.3981025,구 왜관터널
20,2,4,6,36.00323624,128.3966161,칠곡 왜관철교
20,2,2,6,35.98807927,128.3975109,칠곡 왜관성당
21,2,4,6,36.261641,129.3207204,대전리 백계당
21,2,4,4,35.989385,129.315461,중명리 정사도 유허비
21,1,4,6,36.233539,129.382833,화진리 구진마을 앉은 줄다리기
21,2,4,5,36.128332,129.221358,미현리 부운재
21,2,4,4,35.98197131,129.3971504,원리 정몽주 유허비
21,2,4,5,36.068578,129.210463,현내리 신라아찬유공 유허비
21,2,4,5,36.10384952,129.2649307,우각리 오의정
21,2,4,5,35.90048564,129.5135782,금곡리 삼효각
21,2,4,5,36.15075942,129.3019407,덕성리 이상재
21,2,4,5,36.253165,129.311368,중산리 윤락 충효비
21,2,4,5,35.89673372,129.4464398,산서리 최학진 정효각
21,2,4,5,35.891108,129.495167,임중리 김사민 정효각
21,2,4,5,36.07538458,129.2218448,화대리 성강서사
21,2,4,5,36.19513035,129.3017945,유계리 상덕사 및 죽림사
21,2,4,5,36.132864,129.219697,미현리 기계유씨 시조 묘비
21,1,4,6,36.041891,129.367891,포항 향토 침선장
21,2,4,5,35.94667691,129.5365101,구평리 하영식 정효각
21,2,4,5,36.10656325,129.131848,가안리 가천서당
21,2,4,5,36.10534717,129.133525,가안리 송와정
21,2,4,5,35.98197131,129.3971504,오천서원
21,2,4,5,35.94246768,129.5192332,광남서원
21,2,4,5,35.9251901,129.493023,학삼서원
21,2,4,5,35.901682,129.503019,삼명서원
22,2,2,4,35.255223,128.428641,함안 대산리 석조삼존상
22,2,2,3,35.24759001,128.3007819,함안 방어산 마애약사여래삼존입상
22,2,3,2,35.256332,128.420473,함안 성산산성
22,2,1,2,35.268619,128.403843,함안 말이산고분군
22,2,4,1,35.30930255,128.513445,함안 용산리 함안층 새발자국화석 산지
22,1,4,5,35.331653,128.5307696,함안 영동리 회화나무
22,1,4,6,35.338682,128.338959,함안 대송리 늪지식물
22,2,4,5,35.298971,128.5386966,함안 무기연당
22,2,2,4,35.327456,128.558618,장춘사석조여래좌상
22,2,2,4,35.241473,128.4207941,함안주리사지사자석탑
22,2,4,5,35.26936794,128.4026874,도천재 단서죽백
22,2,2,7,35.327456,128.558618,장춘사 5층석탑
22,2,4,5,35.32409532,128.5161588,주세붕영정
22,2,2,5,35.32409532,128.5161588,무산사
22,2,4,5,35.255407,128.422781,무진정
22,2,4,5,35.23362432,128.320979,어계고택
22,2,4,5,35.32409532,128.5161588,무릉잡고 및 수구집 귀봉집 책판
22,2,4,5,35.26936794,128.4026874,근재집 책판
22,2,4,5,35.26936794,128.4026874,간송문집 및 금라전신록책판
22,2,4,5,35.23643948,128.4181712,함안향교
22,2,4,5,35.26936794,128.4026874,국담 문집 책판
22,2,4,5,35.26936794,128.4026874,회찬송악악 무목왕 정충록
22,2,4,5,35.26936794,128.4026874,조익도공신록권 및 교지
22,2,4,5,35.327456,128.558618,함안 내곡리 청간정 고문서
22,2,2,5,35.327456,128.558618,함안 장춘사 석조석가여래삼존좌상
22,2,4,5,35.277084,128.494092,함안 달전사 천지명양수륙재의찬요
22,2,1,5,35.375635,128.486899,주세붕묘역
22,2,1,5,35.24250698,128.321162,조안묘소
22,2,4,5,35.27680856,128.459969,고려동유적지
22,2,4,1,35.215067,128.461511,함안외암리공룡발자국 화석
22,2,3,3,35.237781,128.449723,함안 성점산성
22,2,3,2,35.26650639,128.489849,함안 포덕산성
22,2,3,2,35.276463,128.443969,함안 문암산성
22,2,1,1,35.242352,128.355758,함안 군북 지석묘군
22,2,4,5,35.186722,128.444371,함안 파산 봉수대
22,2,1,2,35.2788894,128.396776,함안 남문외 고분군
22,2,1,5,35.310228,128.3225485,함안 조려 묘
22,1,4,6,35.348476,128.513626,함안 화천농악
22,1,4,5,35.255373,128.423593,함안 낙화놀이
22,1,4,6,35.28140755,128.3979032,함안농요
22,1,4,5,35.298971,128.5386966,함안 무기리 주씨고가
22,2,2,7,35.215702,128.386065,원효암 칠성각
22,2,2,2,35.327456,128.558618,장춘사 대웅전
22,2,2,5,35.29694492,128.5088014,덕연서원
22,2,4,5,35.274304,128.4213413,조순 장군비
22,2,4,5,35.30784745,128.5136083,칠원향교
22,2,4,5,35.309065,128.447929,오비각
22,2,4,5,35.335232,128.398525,악양루
22,2,3,5,35.306357,128.4762847,칠원산성
22,2,4,1,35.26936794,128.4026874,함안대치리 공룡발자국화석
22,2,4,5,35.376563,128.558597,광심정
22,2,1,5,35.290873,128.437455,어연 함안이씨 어변갑묘
22,2,4,5,35.265482,128.401218,우졸재 박한주비
22,2,4,5,35.335783,128.523353,칠북 배상엽관계 고문서
22,2,2,5,35.37892735,128.472955,함안 능가사 칠성탱
22,2,1,4,35.294148,128.494021,함안 유원리 윤환묘역
22,2,4,5,35.265975,128.424808,함안 검암리 동산정
22,2,4,5,35.267255,128.310379,함안 수곡리 청송심씨 퇴휴당 종중 문서류
22,2,4,5,35.285446,128.578796,함안 구고사 부도
22,2,2,3,35.234943,128.445929,함안 백암사 석조여래좌상
22,2,4,5,35.266728,128.4254726,함안 검암리 충순당
22,2,4,5,35.263465,128.422728,함안 검암리 충순당 정려각
22,2,4,1,35.231541,128.346268,함안 명관리 공룡발자국
22,2,4,5,35.330384,128.495229,함안 청계리 청계서당
22,2,4,5,35.236277,128.324769,함안 생육신 조려유적
22,2,4,5,35.26936794,128.4026874,이경무 만묵당집 목판
